{"Aaron Holiday_4.5_FanDuel (-102)_Novig (120)": 1774633486.838041, "Aaron Nesmith_3.5_Sporttrade (104)_Book_19 (100)": 1774633486.838041, "Ajay Mitchell_2.5_Fliff (-125)_Book_19 (130)": 1774633486.838041, "Andrew Wiggins_4.5_Sporttrade (133)_FanDuel (-130)": 1774633486.838041, "Andrew Wiggins_12.5_Fliff (-104)_Novig (109)": 1774633486.838041, "Ben Sheppard_6.5_Novig (105)_Book_19 (100)": 1774633486.838041, "Brook Lopez_4.5_Sporttrade (133)_Book_18 (-124)": 1774633486.838041, "Cason Wallace_2.5_Fliff (121)_HardRock (100)": 1774633486.838041, "Dennis Schroder_2.5_DraftKings (131)_FanDuel (-114)": 1774633486.838041, "Dennis Schroder_3.5_Novig (294)_Book_19 (115)": 1774633486.838041, "Derik Queen_5.5_Sporttrade (138)_Fliff (-134)": 1774633486.838041, "Donovan Mitchell_28.5_Novig (107)_Fliff (-102)": 1774633486.838041, "Isaac Okoro_2.5_Fliff (129)_Novig (-115)": 1774633486.838041, "Ja'Kobe Walter_8.5_Novig (105)_Book_19 (100)": 1774633486.838041, "Jaime Jaquez Jr._3.5_Fliff (-107)_Fliff (124)": 1774633486.838041, "Jalen Williams_3.5_Fliff (103)_HardRock (125)": 1774633486.838041, "Jamal Shead_2.5_Fliff (131)_Book_19 (-115)": 1774633486.838041, "Jayson Tatum_5.5_Novig (129)_Book_19 (-125)": 1774633486.838041, "Jeremiah Fears_3.5_Book_19 (-120)_Book_19 (125)": 1774633486.838041, "John Konchar_4.5_Fliff (124)_Fliff (-112)": 1774633486.838041, "Josh Giddey_8.5_BetRivers (110)_HardRock (110)": 1774633486.838041, "Kel'el Ware_7.5_Sporttrade (113)_Fliff (-108)": 1774633486.838041, "Kennedy Chandler_6.5_Novig (110)_BetMGM (-105)": 1774633486.838041, "Kevin Durant_4.5_Sporttrade (-108)_Novig (127)": 1774633486.838041, "Kris Dunn_3.5_DraftKings (128)_Book_19 (115)": 1774633486.838041, "Neemias Queta_10.5_BetRivers (104)_Book_19 (100)": 1774633486.838041, "Nickeil Alexander-Walker_2.5_Sporttrade (-144)_Fliff (147)": 1774633486.838041, "Pelle Larsson_3.5_Novig (159)_DraftKings (-123)": 1774633486.838041, "Pelle Larsson_10.5_Novig (105)_Fliff (105)": 1774633486.838041, "Rob Dillingham_2.5_Fliff (-104)_HardRock (130)": 1774633486.838041, "Saddiq Bey_19.5_Sporttrade (127)_Book_19 (-120)": 1774633486.838041, "Sam Merrill_3.5_Novig (246)_BetRivers (-143)": 1774633486.838041, "Scottie Barnes_6.5_FanDuel (116)_Book_19 (115)": 1774633486.838041, "Tari Eason_9.5_Sporttrade (138)_Book_19 (-135)": 1774633486.838041}