{"Aaron Holiday_4.5_FanDuel (-102)_Novig (120)": 1774638076.6972797, "Andrew Wiggins_4.5_Sporttrade (133)_FanDuel (-130)": 1774638076.6972797, "Cason Wallace_2.5_BetMGM (-120)_Fliff (130)": 1774638076.6972797, "Dennis Schroder_2.5_DraftKings (131)_FanDuel (-114)": 1774638076.6972797, "Donovan Mitchell_28.5_Novig (106)_Fliff (-102)": 1774638076.6972797, "Isaiah Hartenstein_9.5_Novig (108)_Fliff (-104)": 1774638076.6972797, "Jamal Shead_2.5_Fliff (131)_Book_19 (-115)": 1774638076.6972797, "Jayson Tatum_5.5_Novig (129)_DraftKings (-123)": 1774638076.6972797, "Kennedy Chandler_6.5_Novig (110)_BetMGM (-105)": 1774638076.6972797, "Nickeil Alexander-Walker_2.5_Sporttrade (-144)_Fliff (147)": 1774638076.6972797, "Pascal Siakam_22.5_Novig (125)_BetMGM (-120)": 1774638076.6972797, "Payton Pritchard_3.5_Sporttrade (-113)_Novig (116)": 1774638076.6972797, "Pelle Larsson_10.5_Novig (105)_Fliff (105)": 1774638076.6972797, "Sam Hauser_3.5_Book_19 (-120)_Novig (127)": 1774638076.6972797, "Tari Eason_9.5_Sporttrade (138)_Book_19 (-135)": 1774638076.6972797}