{"Aaron Holiday_4.5_FanDuel (-102)_Novig (120)": 1774638076.6972797, "Andrew Wiggins_4.5_Sporttrade (133)_FanDuel (-130)": 1774638076.6972797, "Cason Wallace_2.5_BetMGM (-120)_Fliff (130)": 1774638076.6972797, "Dennis Schroder_2.5_DraftKings (131)_FanDuel (-114)": 1774638076.6972797, "Donovan Mitchell_28.5_Novig (106)_Fliff (-102)": 1774638076.6972797, "Isaiah Hartenstein_9.5_Novig (108)_Fliff (-104)": 1774638076.6972797, "Jamal Shead_2.5_Fliff (131)_Book_19 (-115)": 1774638076.6972797, "Jayson Tatum_5.5_Novig (129)_DraftKings (-123)": 1774638076.6972797, "Kennedy Chandler_6.5_Novig (110)_BetMGM (-105)": 1774638076.6972797, "Nickeil Alexander-Walker_2.5_Sporttrade (-144)_Fliff (147)": 1774638076.6972797, "Pascal Siakam_22.5_Novig (125)_BetMGM (-120)": 1774638076.6972797, "Payton Pritchard_3.5_Sporttrade (-113)_Novig (116)": 1774638076.6972797, "Pelle Larsson_10.5_Novig (105)_Fliff (105)": 1774638076.6972797, "Sam Hauser_3.5_Book_19 (-120)_Novig (127)": 1774638076.6972797, "Tari Eason_9.5_Sporttrade (138)_Book_19 (-135)": 1774638076.6972797, "Aaron Holiday_4.5_FanDuel (-102)_Novig (121)": 1774640959.4491308, "Ajay Mitchell_3.5_FanDuel (122)_Book_19 (-111)": 1774640959.4491308, "Cameron Johnson_2.5_Fliff (154)_BetMGM (-150)": 1774640959.4491308, "Cason Wallace_2.5_BetMGM (-115)_Fliff (130)": 1774640959.4491308, "Dennis Schroder_2.5_Caesars (129)_FanDuel (-114)": 1774640959.4491308, "Jabari Smith Jr._7.5_Sporttrade (144)_Book_19 (-140)": 1774640959.4491308, "Jamal Shead_2.5_Fliff (131)_Book_19 (-125)": 1774640959.4491308, "Jayson Tatum_5.5_Novig (130)_Book_19 (-120)": 1774640959.4491308, "Jock Landale_3.5_Book_19 (100)_Novig (110)": 1774640959.4491308, "Kyle Filipowski_7.5_Novig (-100)_Fliff (107)": 1774640959.4491308, "Luguentz Dort_3.5_FanDuel (122)_Book_19 (-110)": 1774640959.4491308, "Nickeil Alexander-Walker_2.5_BetMGM (-140)_Fliff (147)": 1774640959.4491308, "Nikola Jokic_24.5_Sporttrade (-113)_Novig (118)": 1774640959.4491308, "Saddiq Bey_5.5_Novig (125)_DraftKings (-108)": 1774640959.4491308, "Sam Hauser_3.5_Book_19 (-110)_Novig (130)": 1774640959.4491308, "Tari Eason_9.5_Sporttrade (127)_DraftKings (-118)": 1774640959.4491308, "Tari Eason_5.5_Fliff (127)_DraftKings (-115)": 1774640959.4491308, "Toumani Camara_2.5_Fliff (143)_BetMGM (-140)": 1774640959.4491308}