{"Aaron Holiday_4.5_FanDuel (-102)_Novig (120)": 1774638076.6972797, "Andrew Wiggins_4.5_Sporttrade (133)_FanDuel (-130)": 1774638076.6972797, "Cason Wallace_2.5_BetMGM (-120)_Fliff (130)": 1774638076.6972797, "Dennis Schroder_2.5_DraftKings (131)_FanDuel (-114)": 1774638076.6972797, "Donovan Mitchell_28.5_Novig (106)_Fliff (-102)": 1774638076.6972797, "Isaiah Hartenstein_9.5_Novig (108)_Fliff (-104)": 1774638076.6972797, "Jamal Shead_2.5_Fliff (131)_Book_19 (-115)": 1774638076.6972797, "Jayson Tatum_5.5_Novig (129)_DraftKings (-123)": 1774638076.6972797, "Kennedy Chandler_6.5_Novig (110)_BetMGM (-105)": 1774638076.6972797, "Nickeil Alexander-Walker_2.5_Sporttrade (-144)_Fliff (147)": 1774638076.6972797, "Pascal Siakam_22.5_Novig (125)_BetMGM (-120)": 1774638076.6972797, "Payton Pritchard_3.5_Sporttrade (-113)_Novig (116)": 1774638076.6972797, "Pelle Larsson_10.5_Novig (105)_Fliff (105)": 1774638076.6972797, "Sam Hauser_3.5_Book_19 (-120)_Novig (127)": 1774638076.6972797, "Tari Eason_9.5_Sporttrade (138)_Book_19 (-135)": 1774638076.6972797, "Aaron Holiday_4.5_FanDuel (-102)_Novig (121)": 1774640959.4491308, "Ajay Mitchell_3.5_FanDuel (122)_Book_19 (-111)": 1774640959.4491308, "Cameron Johnson_2.5_Fliff (154)_BetMGM (-150)": 1774640959.4491308, "Cason Wallace_2.5_BetMGM (-115)_Fliff (130)": 1774640959.4491308, "Dennis Schroder_2.5_Caesars (129)_FanDuel (-114)": 1774640959.4491308, "Jabari Smith Jr._7.5_Sporttrade (144)_Book_19 (-140)": 1774640959.4491308, "Jamal Shead_2.5_Fliff (131)_Book_19 (-125)": 1774640959.4491308, "Jayson Tatum_5.5_Novig (130)_Book_19 (-120)": 1774640959.4491308, "Jock Landale_3.5_Book_19 (100)_Novig (110)": 1774640959.4491308, "Kyle Filipowski_7.5_Novig (-100)_Fliff (107)": 1774640959.4491308, "Luguentz Dort_3.5_FanDuel (122)_Book_19 (-110)": 1774640959.4491308, "Nickeil Alexander-Walker_2.5_BetMGM (-140)_Fliff (147)": 1774640959.4491308, "Nikola Jokic_24.5_Sporttrade (-113)_Novig (118)": 1774640959.4491308, "Saddiq Bey_5.5_Novig (125)_DraftKings (-108)": 1774640959.4491308, "Sam Hauser_3.5_Book_19 (-110)_Novig (130)": 1774640959.4491308, "Tari Eason_9.5_Sporttrade (127)_DraftKings (-118)": 1774640959.4491308, "Tari Eason_5.5_Fliff (127)_DraftKings (-115)": 1774640959.4491308, "Toumani Camara_2.5_Fliff (143)_BetMGM (-140)": 1774640959.4491308, "Cameron Johnson_3.5_Sporttrade (-117)_BetRivers (120)": 1774643172.8369884, "Christian Braun_4.5_HardRock (-110)_Book_19 (120)": 1774643172.8369884, "Davion Mitchell_2.5_ESPN Bet (-145)_HardRock (160)": 1774643172.8369884, "Dennis Schroder_2.5_HardRock (135)_FanDuel (-114)": 1774643172.8369884, "Derrick Jones Jr._3.5_BetMGM (-115)_Fliff (124)": 1774643172.8369884, "Donovan Mitchell_28.5_Novig (105)_Fliff (-102)": 1774643172.8369884, "Dyson Daniels_4.5_Fliff (-117)_Novig (120)": 1774643172.8369884, "GG Jackson II_16.5_Novig (107)_Fliff (-104)": 1774643172.8369884, "GG Jackson II_4.5_BetMGM (-115)_Novig (130)": 1774643172.8369884, "Isaiah Hartenstein_9.5_Book_19 (-110)_HardRock (115)": 1774643172.8369884, "Jakob Poeltl_7.5_Sporttrade (100)_Novig (105)": 1774643172.8369884, "Jalen Williams_3.5_Sporttrade (-122)_DraftKings (127)": 1774643172.8369884, "Jamal Shead_2.5_Fliff (134)_Book_19 (-125)": 1774643172.8369884, "Matas Buzelis_5.5_Book_19 (-115)_HardRock (135)": 1774643172.8369884, "Max Strus_8.5_HardRock (-110)_Fliff (113)": 1774643172.8369884, "Nickeil Alexander-Walker_2.5_HardRock (-135)_Fliff (147)": 1774643172.8369884, "Onyeka Okongwu_6.5_Novig (-110)_Book_19 (115)": 1774643172.8369884, "Reed Sheppard_4.5_Sporttrade (108)_Book_18 (-105)": 1774643172.8369884, "Saddiq Bey_18.5_Novig (112)_Fliff (-105)": 1774643172.8369884, "Sam Hauser_3.5_Book_19 (-110)_Novig (129)": 1774643172.8369884, "Taylor Hendricks_4.5_Book_19 (100)_Fliff (104)": 1774643172.8369884, "Ajay Mitchell_3.5_Fliff (118)_Novig (-114)": 1774645334.7912157, "Ben Sheppard_6.5_Novig (105)_Book_19 (100)": 1774645334.7912157, "Cason Wallace_2.5_BetMGM (-115)_Fliff (134)": 1774645334.7912157, "Cody Williams_2.5_DraftKings (-124)_Novig (137)": 1774645334.7912157, "Davion Mitchell_2.5_ESPN Bet (-145)_HardRock (165)": 1774645334.7912157, "Dennis Schroder_2.5_HardRock (140)_FanDuel (-114)": 1774645334.7912157, "Derik Queen_9.5_Sporttrade (150)_Novig (-137)": 1774645334.7912157, "Derrick White_5.5_Novig (-109)_Fliff (116)": 1774645334.7912157, "GG Jackson II_4.5_Book_19 (-120)_Novig (132)": 1774645334.7912157, "Isaiah Jackson_7.5_Fliff (100)_Novig (103)": 1774645334.7912157, "Isaiah Joe_2.5_Novig (136)_Fliff (-127)": 1774645334.7912157, "Jaime Jaquez Jr._3.5_Novig (-116)_Fliff (124)": 1774645334.7912157, "Jamal Shead_2.5_Fliff (128)_Book_19 (-125)": 1774645334.7912157, "Kris Dunn_3.5_Novig (101)_Book_19 (105)": 1774645334.7912157, "Max Strus_2.5_HardRock (115)_Fliff (-112)": 1774645334.7912157, "Max Strus_4.5_BetMGM (120)_HardRock (-115)": 1774645334.7912157, "Onyeka Okongwu_2.5_Sporttrade (-104)_Novig (107)": 1774645334.7912157, "Onyeka Okongwu_6.5_Novig (-105)_Book_19 (115)": 1774645334.7912157, "Pascal Siakam_3.5_Novig (136)_Fliff (-130)": 1774645334.7912157, "Payton Pritchard_19.5_Sporttrade (117)_DraftKings (-112)": 1774645334.7912157, "Saddiq Bey_18.5_Novig (115)_Fliff (-105)": 1774645334.7912157, "Sam Hauser_3.5_Book_19 (-118)_Novig (122)": 1774645334.7912157, "Tre Jones_2.5_DraftKings (-128)_Fliff (139)": 1774645334.7912157, "Walter Clayton Jr._4.5_Book_19 (120)_FanDuel (-115)": 1774645334.7912157, "Zion Williamson_3.5_Novig (119)_Fliff (-104)": 1774645334.7912157, "Andrew Nembhard_2.5_BetMGM (-125)_Book_18 (133)": 1774648239.83925, "Baylor Scheierman_1.5_Pinnacle (-137)_Novig (147)": 1774648239.83925, "Baylor Scheierman_2.5_FanDuel (158)_Fliff (-154)": 1774648239.83925, "Brice Sensabaugh_3.5_HardRock (105)_Book_19 (105)": 1774648239.83925, "Cason Wallace_2.5_BetMGM (-130)_Fliff (134)": 1774648239.83925, "Christian Braun_2.5_Book_19 (115)_ESPN Bet (-105)": 1774648239.83925, "Davion Mitchell_3.5_Novig (195)_Fliff (-159)": 1774648239.83925, "Dennis Schroder_2.5_DraftKings (146)_FanDuel (-114)": 1774648239.83925, "Derik Queen_2.5_Sporttrade (-138)_HardRock (150)": 1774648239.83925, "Derik Queen_5.5_Sporttrade (127)_Book_27 (-115)": 1774648239.83925, "GG Jackson II_4.5_Book_19 (-115)_Novig (132)": 1774648239.83925, "Herbert Jones_3.5_FanDuel (130)_Book_27 (-125)": 1774648239.83925, "Ja'Kobe Walter_2.5_Novig (-100)_Book_19 (105)": 1774648239.83925, "Jaime Jaquez Jr._3.5_Novig (-111)_Fliff (124)": 1774648239.83925, "Jalen Johnson_7.5_FanDuel (114)_Novig (-110)": 1774648239.83925, "Jayson Tatum_5.5_FanDuel (130)_Book_19 (-125)": 1774648239.83925, "Kevin Durant_5.5_Sporttrade (138)_FanDuel (-130)": 1774648239.83925, "Onyeka Okongwu_2.5_Fliff (-104)_Novig (108)": 1774648239.83925, "Pascal Siakam_3.5_Novig (139)_Fliff (-130)": 1774648239.83925, "Tari Eason_1.5_Novig (120)_Novig (-115)": 1774648239.83925, "Ajay Mitchell_3.5_Fliff (118)_Novig (-111)": 1774650063.6051974, "Andrew Nembhard_2.5_BetMGM (-120)_Book_18 (132)": 1774650063.6051974, "Baylor Scheierman_1.5_Pinnacle (-137)_Novig (156)": 1774650063.6051974, "Cason Wallace_2.5_BetMGM (-120)_Fliff (134)": 1774650063.6051974, "Christian Braun_2.5_Book_19 (115)_Fliff (-112)": 1774650063.6051974, "Cody Williams_2.5_FanDuel (-132)_Novig (137)": 1774650063.6051974, "Darius Garland_7.5_Sporttrade (122)_Novig (-115)": 1774650063.6051974, "Davion Mitchell_3.5_Novig (240)_Fliff (-159)": 1774650063.6051974, "Dennis Schroder_2.5_Book_19 (138)_FanDuel (-114)": 1774650063.6051974, "Derik Queen_8.5_Caesars (105)_FanDuel (100)": 1774650063.6051974, "Derik Queen_5.5_Sporttrade (127)_Book_19 (-115)": 1774650063.6051974, "Isaiah Jackson_5.5_BetMGM (105)_Fliff (-102)": 1774650063.6051974, "Jaime Jaquez Jr._3.5_Novig (-108)_Fliff (124)": 1774650063.6051974, "Jamal Shead_2.5_Novig (166)_FanDuel (-130)": 1774650063.6051974, "Jarrett Allen_7.5_Caesars (100)_Fliff (103)": 1774650063.6051974, "Jayson Tatum_5.5_Sporttrade (133)_Fliff (-130)": 1774650063.6051974,